Product,Real-Time Transcription,Note Taking,Summary Generation,Action Items Extraction,Join Meetings as Virtual Participant,Timestamps Text,Speaker Identification,Questions About Meeting/Convo Area,Multi-Language Support (English + Urdu),Workflow Automation Integration (Slack/Jira),Collaboration / Sharing Summary,Calendar Integration & Auto Join,Upload Audio/Video for Transcription,Cloud Storage (Video + Transcription),Pause Bot / Off the Record Control,Problems,How IntelliMeet Pro Solves It,
IntelliMeet Pro,yes,yes,yes,yes,yes,yes,yes,yes,yes,yes,yes,yes,yes,yes,yes,n/a,"Comprehensive bot joining multi-platform, Urdu + English transcription/translation, pause control, PM integrations.", 
Otter.ai,yes,yes,yes,yes,yes,yes,yes,yes,no,yes (Slack),yes,yes,yes,yes,no,"Mainly English-focused, lacks Urdu and off-record control","Adds Urdu and Roman Urdu transcription + translation, pause control, and native multi-platform join as bot.", 
ClickUp,yes,yes,yes,yes,yes,yes,yes,no,no,yes (Slack),yes,yes,yes,yes,no,"Limited meeting-specific AI features, no Urdu, no off-record, no full bot meeting join","Real-time bot join, Urdu support, pause/off-record, deeper Slack/Jira integration", 
Sembly AI,yes,yes,yes,yes,no,yes,yes,yes,no,no,yes,yes,yes,no,no,"No Urdu support, no multi-platform join bot, limited PM tool integration","Adds Urdu transcription/translation, joins Zoom/Meet/Teams as bot, Slack/Jira integration", 
Fireflies.ai,yes,yes,yes,yes,yes,yes,yes,no,no,yes (Slack/Jira),yes,yes,yes,yes,no,"Can disable auto-join, limited Urdu support","Seamless automated calendar sync, bot join on all platforms, Urdu + Roman Urdu transcription/translation", 
Fellow,yes,yes,yes,yes,yes,yes,yes,yes,no,yes,yes,yes,yes,no,yes,"No multi-language support, no off-record pause","Urdu support, off-record pause control, multi-platform bot joining", 
Granola,yes,yes,yes,yes,yes,yes,yes,no,no,yes,yes,yes,yes,yes,no,"Limited multi-language, no pause control","Adds Urdu transcription/translation, pause/off-record support", 
Read.ai,yes,yes,yes,yes,no,yes,yes,no,no,no,yes,no,yes,yes,yes,"No multi-platform bot join, no Urdu support","Multi-platform bot join, Urdu support, translation", 
tl;dv,yes,yes,yes,yes,no,yes,yes,no,no,no,yes,yes,yes,yes,no,"English-only, no bot-based auto join","Urdu transcription, multi-platform bot join", 
Zoom AI,yes,yes,yes,yes,no,yes,yes,no,no,no,yes,yes,yes,yes,no,"Zoom only, no Urdu or multi-platform support","Multi-platform bot join, Urdu transcription/translation", 
Google Meet AI,yes,yes,yes,yes,no,yes,yes,no,no,yes,yes,yes,yes,yes,no,"Google ecosystem only, no Urdu support","Multi-platform, Urdu, and PM tool integration", 
Notion AI,yes,yes,yes,yes,no,yes,yes,no,no,yes,yes,yes,yes,yes,no,"No real-time bot join, no Urdu",Adds bot joining meetings live and Urdu support, 
MeetGeek,yes,yes,yes,yes,yes,yes,yes,no,no,yes,yes,yes,yes,yes,yes,"No Urdu support, no off-record pause","Adds Urdu, off-record pause support", 
Fathom,yes,yes,yes,yes,no,yes,yes,no,no,no,yes,yes,yes,yes,no,"Zoom only, no Urdu, limited platform support","Multi-platform bot join, Urdu transcription", 
Krisp,yes,yes,no,no,no,no,no,no,no,no,no,yes,no,no,no,"Focused on noise suppression, limited transcription and features","Adds transcription, summaries, Urdu support, and integrations", 
Jamie AI,yes,yes,yes,yes,no,yes,yes,no,no,no,yes,yes,yes,yes,no,"Privacy-focused, lacks Urdu and bot join","Adds Urdu transcription, multi-platform bot join, pause/off-record", 